Genus,specific_epithet,type,gene,river_actual,river_trib,FST,greater_perm,total_perm,p-value,numerator,real_p-value
Cyrtodactylus,spp,multiple,ND2,ChaoPhraya,ChaoPhraya,0.082501532,3,39186,7.66E-05,4,0.000102077
Calotes,spp,multiple,12S,Irrawaddy,Chindwin,0.266333452,0,1012,0,1,0.000988142
Calotes,spp,multiple,12S,Irrawaddy,Irrawaddy,0.267167084,0,2497,0,1,0.000400481
Calotes,spp,multiple,COI,Irrawaddy,Irrawaddy,0.274309399,0,1012,0,1,0.000988142
Cyrtodactylus,spp,multiple,ND2,Irrawaddy,Irrawaddy,-0.023455525,126,154,0.818181818,127,0.824675325
Calotes,spp,multiple,COI,Mekong,Mekong,0.257476773,0,627,0,1,0.001594896
calotes,spp,multiple,12S,Mekong,Mekong,0.268106734,0,56,0,1,0.017857143
Ichtyophis,spp,multiple,COI,Mekong,Mekong,0.219177211,0,35,0,1,0.028571429
Ichtyophis,spp,multiple,CYTB,Mekong,Mekong,0.256093266,0,35,0,1,0.028571429
Trimeresurus1,spp,multiple,ND4,Mekong,Mekong,0.312734095,0,627,0,1,0.001594896
Trimeresurus2,spp,multiple,ND4,Mekong,Mekong,0.268355833,0,39186,0,1,2.55193E-05
Trimeresurus3,spp,multiple,ND4,Mekong,Mekong,0.227917582,0,155363,0,1,6.43654E-06
Microhyla,spp,multiple,CYTB,Red,Red,nan,0,2497,0,1,0.000400481
Microhyla,spp,multiple,RAG2,Red,Red,nan,0,2497,0,1,0.000400481
Calotes,goetzi,single,12S,ChaoPhraya,ChaoPhraya,0.081162094,7,246,0.028455285,8,0.032520325
Calotes,goetzi,single,COI,ChaoPhraya,ChaoPhraya,0.011846961,1,10,0.1,2,0.2
Leiolepis,belliana,single,ND2,ChaoPhraya,ChaoPhraya,0.126211625,134,16368,0.008186706,135,0.008247801
Lycodon,neomaculatus,single,CYTB,ChaoPhraya,ChaoPhraya,0.213872832,0,35,0,1,0.028571429
Indotestudo,elongata,single,COI,Irrawaddy,Chindwin,0.001621392,20858,65518,0.318355261,20859,0.318370524
Microlytta,aishani,single,16S,Irrawaddy,Chindwin,0.192155197,0,56,0,1,0.017857143
Oligodon,albocinctus,single,16S,Irrawaddy,Chindwin,0.207538742,0,154,0,1,0.006493506
Oligodon,albocinctus,single,CYTB,Irrawaddy,Chindwin,0.201299909,0,154,0,1,0.006493506
Calotes,mystaceus,single,COI,Irrawaddy,Irrawaddy,0.157564672,0,35,0,1,0.028571429
Calotes,mystaceus,single,12S,Irrawaddy,Irrawaddy,0.027940221,1,35,0.028571429,2,0.057142857
Draco,maculatus,single,16S,Irrawaddy,Irrawaddy,0.080178981,0,100000,0,1,0.00001
Draco,maculatus,single,12S,Irrawaddy,Irrawaddy,0.071548344,1,100000,1.00E-05,2,0.00002
Draco,maculatus,single,ND2,Irrawaddy,Irrawaddy,0.075567502,17,100000,0.00017,18,0.00018
Draco,maculatus,single,BDNF,Irrawaddy,Irrawaddy,-0.002921533,79930,100000,0.7993,79931,0.79931
Draco,maculatus,single,CMOS,Irrawaddy,Irrawaddy,-0.012857154,96331,100000,0.96331,96332,0.96332
Microhyla,berdmorei,single,COI,Irrawaddy,Irrawaddy,0.22960471,0,56,0,1,0.017857143
Microhyla,berdmorei,single,16S,Irrawaddy,Irrawaddy,0.018408944,86912,262124,0.331568265,86913,0.33157208
Trimeresurus,popeiorum,single,CYTB,Irrawaddy,Irrawaddy,0.07534786,1,154,0.006493506,2,0.012987013
Trimeresurus,popeiorum,single,ND4,Irrawaddy,Irrawaddy,0.08373436,0,35,0,1,0.028571429
Acanthosaura,murphyi,single,COI,Mekong,Mekong,0.198473282,0,10,0,1,0.1
Cyrtodactylus,interdigitalis,single,ND2,Mekong,Mekong,0.046165311,5,35,0.142857143,6,0.171428571
Cyrtodactylus,ngati,single,ND2,Mekong,Mekong,0.026485079,31,627,0.049441786,32,0.051036683
Draco,maculatus,single,ND2,Mekong,Mekong,0.197491329,0,155363,0,1,6.43654E-06
Draco,maculatus,single,12S,Mekong,Mekong,0.312014716,0,4082,0,1,0.000244978
Draco,maculatus,single,BDNF,Mekong,Mekong,0.143346398,0,627,0,1,0.001594896
Draco,maculatus,single,CMOS,Mekong,Mekong,0.053406951,3,1012,0.002964427,4,0.003952569
Ichthyophis,bannanicus,single,CYTB,Mekong,Mekong,0.120205647,8,4082,0.001959824,9,0.002204802
Indotestudo,elongata,single,COI,Mekong,Mekong,0.110334263,6,154,0.038961039,7,0.045454545
Microhyla,malcomi,single,16S,Mekong,Mekong,0.029452701,152,100000,0.00152,153,0.00153
Microhyla,malcomi,single,COI,Mekong,Mekong,0.014438389,602,100000,0.00602,603,0.00603
Microhyla1,mukhlesuri,single,CYTB,Mekong,Mekong,nan,0,627,0,1,0.001594896
Microhyla2,mukhlesuri,single,CYTB,Mekong,Mekong,0.115384615,11,627,0.01754386,12,0.019138756
Draco,maculatus,single,16S,ChaoPhraya,Nan,0.135906304,1,16368,6.11E-05,2,0.00012219
Draco,maculatus,single,12S,ChaoPhraya,Nan,0.145816183,2,16368,0.00012219,3,0.000183284
Draco,maculatus,single,BDNF,ChaoPhraya,Nan,0.145523502,0,2497,0,1,0.000400481
Draco,maculatus,single,CMOS,ChaoPhraya,Nan,0.071644906,1,4082,0.000244978,2,0.000489956
Indotestudo,elongata,single,COI,ChaoPhraya,Nan,-0.065539112,31,35,0.885714286,32,0.914285714
Trimeresurus,macrops,single,CYTB,ChaoPhraya,Nan,0.014747385,438,2497,0.175410493,439,0.175810973
Draco,maculatus,single,12S,ChaoPhraya,Ping,0.149795717,1,16368,6.11E-05,2,0.00012219
Draco,maculatus,single,CMOS,ChaoPhraya,Ping,0.093466023,0,4082,0,1,0.000244978
Draco,maculatus,single,16S,ChaoPhraya,Ping,0.089790589,19,16368,0.001160802,20,0.001221896
Draco,maculatus,single,BDNF,ChaoPhraya,Ping,0.1008653,20,2497,0.008009612,21,0.008410092
Indotestudo,elongata,single,COI,ChaoPhraya,Ping,-0.054585153,23,35,0.657142857,24,0.685714286
Trimeresurus,macrops,single,CYTB,ChaoPhraya,Ping,0.014747385,438,2497,0.175410493,439,0.175810973
Acanthosaura,lepidogaster,single,CYTB,Red,Red,nan,0,39186,0,1,2.55193E-05
Acanthosaura,lepidogaster,single,COI,Red,Red,nan,0,2497,0,1,0.000400481
Draco,maculatus,single,12S,Red,Red,0.119654034,0,2497,0,1,0.000400481
Draco,maculatus,single,CMOS,Red,Red,0.109192472,76,9893,0.0076822,77,0.007783281
Draco,maculatus,single,BDNF,Red,Red,0.00621078,1640,4082,0.401763841,1641,0.402008819
Gekko,palmatus,single,COI,Red,Red,nan,0,16368,0,1,6.10948E-05
Ichthyophis,bannanicus,single,CYTB,Red,Red,0.186136122,0,39186,0,1,2.55193E-05
Lycodon,neomaculatus,single,CYTB,Red,Red,nan,0,10,0,1,0.1
Microlytta,nigromaculata,single,16S,Red,Red,nan,0,246,0,1,0.004065041
Rhacophorus,napoensis,single,16S,Red,Red,0.01197396,1256,4082,0.307692308,1257,0.307937286
Acanthosaura,crucigera,single,CYTB,Salween,Salween,0.236524307,0,56,0,1,0.017857143
Calotes,goetzi,single,COI,Salween,Salween,0.042150171,21,246,0.085365854,22,0.089430894
Calotes,goetzi,single,12S,Salween,Salween,0.071304348,21,154,0.136363636,22,0.142857143
Draco,maculatus,single,16S,Salween,Salween,0.068958295,4,246,0.016260163,5,0.020325203
Draco,maculatus,single,12S,Salween,Salween,0.09561753,3,154,0.019480519,4,0.025974026
Draco,maculatus,single,BDNF,Salween,Salween,0.023536501,31,246,0.12601626,32,0.130081301
Draco,maculatus,single,CMOS,Salween,Salween,0.019538784,59,246,0.239837398,60,0.243902439
Trimeresurus,lanna,single,CYTB,Salween,Salween,0.185543522,0,627,0,1,0.001594896
Trimeresurus,lanna,single,16S,Salween,Salween,0.114892288,1,627,0.001594896,2,0.003189793
Trimeresurus,lanna,single,ND4,Salween,Salween,0.206271867,1,627,0.001594896,2,0.003189793